"Message",Low,"正在启动 .NET Native 编译"
"Message",Low,""
"Message",Low,""
"Message",Low,"任务 ""Gatekeeper"""
"Message",Normal,"Launching 'C:\Users\liute\.nuget\packages\microsoft.net.native.compiler\1.7.0\tools\x86\ilc\Tools\Gatekeeper.exe @""C:\Users\liute\Source\Repos\Minedrink\UWPShopManagement\UWPShopManagement\obj\x86\Release\ilc\intermediate\gkargs.rsp""'"
"Message",Low,"Microsoft (R) .NET Native ���������汾 1.7.25531.01 "
"Message",Low,"Copyright (C) Microsoft Corporation.  All rights reserved. "
"Message",Low," "
"Message",Low,"���ڼ����򼯡�C:\Users\liute\Source\Repos\Minedrink\UWPShopManagement\UWPShopManagement\obj\x86\Release\ilc\in\Microsoft.Graphics.Canvas.winmd����  "
"Message",Low,"���ڼ����򼯡�C:\Users\liute\Source\Repos\Minedrink\UWPShopManagement\UWPShopManagement\obj\x86\Release\ilc\in\Microsoft.Toolkit.Uwp.dll����  "
"Message",Low,"���ڼ����򼯡�C:\Users\liute\Source\Repos\Minedrink\UWPShopManagement\UWPShopManagement\obj\x86\Release\ilc\in\Microsoft.Toolkit.Uwp.UI.Animations.dll����  "
"Message",Low,"���ڼ����򼯡�C:\Users\liute\Source\Repos\Minedrink\UWPShopManagement\UWPShopManagement\obj\x86\Release\ilc\in\Microsoft.Toolkit.Uwp.UI.Controls.dll����  "
"Message",Low,"���ڼ����򼯡�C:\Users\liute\Source\Repos\Minedrink\UWPShopManagement\UWPShopManagement\obj\x86\Release\ilc\in\Microsoft.Toolkit.Uwp.UI.dll����  "
"Message",Low,"���ڼ����򼯡�C:\Users\liute\Source\Repos\Minedrink\UWPShopManagement\UWPShopManagement\obj\x86\Release\ilc\in\Microsoft.Xaml.Interactions.dll����  "
"Message",Low,"���ڼ����򼯡�C:\Users\liute\Source\Repos\Minedrink\UWPShopManagement\UWPShopManagement\obj\x86\Release\ilc\in\Microsoft.Xaml.Interactivity.dll����  "
"Message",Low,"���ڼ����򼯡�C:\Users\liute\Source\Repos\Minedrink\UWPShopManagement\UWPShopManagement\obj\x86\Release\ilc\in\Newtonsoft.Json.dll����  "
"Message",Low,"���ڼ����򼯡�C:\Users\liute\Source\Repos\Minedrink\UWPShopManagement\UWPShopManagement\obj\x86\Release\ilc\in\Robmikh.CompositionSurfaceFactory.winmd����  "
"Message",Low,"���ڼ����򼯡�C:\Users\liute\Source\Repos\Minedrink\UWPShopManagement\UWPShopManagement\obj\x86\Release\ilc\in\UWPShopManagement.exe����  "
"Message",Normal,"'C:\Users\liute\.nuget\packages\microsoft.net.native.compiler\1.7.0\tools\x86\ilc\Tools\Gatekeeper.exe @""C:\Users\liute\Source\Repos\Minedrink\UWPShopManagement\UWPShopManagement\obj\x86\Release\ilc\intermediate\gkargs.rsp""' completed."
"Message",Normal,"Process execution statistics (all times in milliseconds)"
"Message",Normal,"-----------------------------------------------------------------------------"
"Message",Normal,"launch  |  start   |   stop   |   end    | duration | lifetime | [slot] name"
"Message",Normal,"-----------------------------------------------------------------------------"
"Message",Normal,"       0 |        0 |      344 |      344 |      344 |      344 | [0] Gatekeeper"
"Message",Normal,"Number of commands:      1"
"Message",Normal,"Total system time:       344 ms"
"Message",Normal,"System time per command: 344 ms"
"Message",Normal,"Total duration:          344 ms"
"Message",Normal,"Total lifetime:          344 ms"
"Message",Normal,"Requested DOP:           8"
"Message",Normal,"Duration DOP:            1.0"
"Message",Normal,"Lifetime DOP:            1.0"
"Message",Low,"已完成执行任务 ""Gatekeeper""。"
"Message",Low,"已完成在文件 ""Preparation"" 中生成目标 ""RunGatekeeper""。"
"Message",Low,""
"Message",Low,"任务 ""InjectWindowsRuntimeTypeForwards"""
"Message",Normal,"Running 'InjectWindowsRuntimeTypeForwards' transform, heap at 15 MB."
"Message",Normal,"Running 'WriteAssemblies' transform, heap at 19 MB."
"Message",Normal,""
"Message",Normal,"Transform summary"
"Message",Normal,"    ms | heap delta | name"
"Message",Normal,"    78 |         -7 | WriteAssemblies"
"Message",Normal,"    63 |          4 | InjectWindowsRuntimeTypeForwards"
"Message",Low,"已完成执行任务 ""InjectWindowsRuntimeTypeForwards""。"
"Message",Low,"已完成在文件 ""Preparation"" 中生成目标 ""InjectWindowRuntimeTypeForwards""。"
"Message",Low,""
"Message",Low,"任务 ""PreResolveAssemblyClosure"""
"Message",Low,"已完成执行任务 ""PreResolveAssemblyClosure""。"
"Message",Low,"任务 ""PreResolveTransforms"""
"Message",Normal,"Running 'ResolveSelfReferences' transform, heap at 23 MB."
"Message",Normal,"Running 'RemoveDuplicateMembers' transform, heap at 48 MB."
"Message",Normal,"Running 'PortableLib' transform, heap at 48 MB."
"Message",Normal,"Running 'WriteAssemblies' transform, heap at 85 MB."
"Message",Normal,""
"Message",Normal,"Transform summary"
"Message",Normal,"    ms | heap delta | name"
"Message",Normal,"   397 |         25 | ResolveSelfReferences"
"Message",Normal,"   178 |         37 | PortableLib"
"Message",Normal,"   162 |          8 | WriteAssemblies"
"Message",Normal,"     0 |          0 | RemoveDuplicateMembers"
"Message",Low,"已完成执行任务 ""PreResolveTransforms""。"
"Message",Low,"已完成在文件 ""Preparation"" 中生成目标 ""PreResolveTransforms""。"
"Message",Low,""
"Message",Low,"任务 ""InitialAssemblyClosure"""
"Message",Low,"已完成执行任务 ""InitialAssemblyClosure""。"
"Message",Low,"任务 ""ResolveInitialReferencesAssemblyClosure1"""
"Message",Low,"已完成执行任务 ""ResolveInitialReferencesAssemblyClosure1""。"
"Message",Low,"任务 ""ResolveInitialReferencesAssemblyClosure2"""
"Message",Low,"已完成执行任务 ""ResolveInitialReferencesAssemblyClosure2""。"
"Message",Low,"已完成在文件 ""Preparation"" 中生成目标 ""ResolveInitialReferences""。"
"Message",Low,"已完成生成项目 ""Preparation""。"
"Message",Low,""
"Message",Low,""
"Message",High,"正在处理应用程序代码"
"Message",Low,"任务 ""ValidateSimpleNames"""
"Message",Low,"已完成执行任务 ""ValidateSimpleNames""。"
"Message",Low,"任务 ""McgContractsResolveFilePath"""
"Message",Low,"已完成执行任务 ""McgContractsResolveFilePath""。"
"Message",Low,"任务 ""McgFacadeResolveFilePath"""
"Message",Low,"已完成执行任务 ""McgFacadeResolveFilePath""。"
"Message",Low,"任务 ""FinalAssemblyClosureRootsResolveFilePaths"""
"Message",Low,"已完成执行任务 ""FinalAssemblyClosureRootsResolveFilePaths""。"
"Message",Low,"任务 ""FinalAssemblyClosure"""
"Message",Low,"已完成执行任务 ""FinalAssemblyClosure""。"
"Message",Low,"任务 ""RunILTransforms"""
"Message",Normal,"Running 'Analysis' transform, heap at 22 MB."
"Message",Low,"Loading 88 modules..."
"Message",Normal,"Imported reflection directives from 21 files:"
"Message",Normal,"C:\Users\liute\Source\Repos\Minedrink\UWPShopManagement\UWPShopManagement\obj\x86\Release\ilc\in\Properties\Default.rd.xml"
"Message",Normal,"System.Diagnostics.Tracing 中的嵌入清单: Resources.System.Diagnostics.Tracing.rd.xml"
"Message",Normal,"System.Private.Reflection 中的嵌入清单: System.Private.Reflection.rd.xml"
"Message",Normal,"System.Private.CoreLib 中的嵌入清单: Resources.System.Private.CoreLib.rd.xml"
"Message",Normal,"System.Private.Uri 中的嵌入清单: Resources.System.Private.Uri.rd.xml"
"Message",Normal,"System.Private.Reflection.Core 中的嵌入清单: System.Private.Reflection.Core.rd.xml"
"Message",Normal,"System.Xml.XDocument 中的嵌入清单: System.Xml.Resources.System.Xml.XDocument.rd.xml"
"Message",Normal,"System.Runtime.Serialization.Primitives 中的嵌入清单: System.Runtime.Serialization.Primitives.Resources.System.Runtime.Serialization.Primitives.rd.xml"
"Message",Normal,"System.Dynamic.Runtime 中的嵌入清单: Resources.System.Dynamic.Runtime.rd.xml"
"Message",Normal,"System.Linq.Expressions 中的嵌入清单: Resources.System.Linq.Expressions.rd.xml"
"Message",Normal,"Microsoft.CSharp 中的嵌入清单: Microsoft.CSharp.Resources.Microsoft.CSharp.rd.xml"
"Message",Normal,"System.Private.PortableThunks 中的嵌入清单: Resources.System.Private.PortableThunks.rd.xml"
"Message",Normal,"System.Xml.ReaderWriter 中的嵌入清单: System.Xml.Resources.System.Xml.ReaderWriter.rd.xml"
"Message",Normal,"System.Private.Interop 中的嵌入清单: Resources.System.Private.Interop.rd.xml"
"Message",Normal,"Microsoft.Toolkit.Uwp 中的嵌入清单: Microsoft.Toolkit.Uwp.Properties.Microsoft.Windows.Toolkit.rd.xml"
"Message",Normal,"Microsoft.Toolkit.Uwp.UI.Animations 中的嵌入清单: Microsoft.Toolkit.Uwp.UI.Animations.Properties.Microsoft.Windows.Toolkit.UI.Animations.rd.xml"
"Message",Normal,"Microsoft.Toolkit.Uwp.UI.Controls 中的嵌入清单: Microsoft.Toolkit.Uwp.UI.Controls.Properties.Microsoft.Windows.Toolkit.UI.Controls.rd.xml"
"Message",Normal,"Microsoft.Toolkit.Uwp.UI 中的嵌入清单: Microsoft.Toolkit.Uwp.UI.Properties.Microsoft.Windows.Toolkit.UI.rd.xml"
"Message",Normal,"Microsoft.Xaml.Interactions 中的嵌入清单: Microsoft.Xaml.Interactions.Properties.Microsoft.Xaml.Interactions.rd.xml"
"Message",Normal,"Microsoft.Xaml.Interactivity 中的嵌入清单: Microsoft.Xaml.Interactivity.Properties.Microsoft.Xaml.Interactivity.rd.xml"
"Message",Normal,"Newtonsoft.Json"
"Message",Normal,"Imported XAML Roots from 2 files:"
"Message",Normal,"C:\Users\liute\Source\Repos\Minedrink\UWPShopManagement\UWPShopManagement\obj\x86\Release\ilc\in\UWPShopManagement.xr.xml"
"Message",Normal,"C:\Users\liute\Source\Repos\Minedrink\UWPShopManagement\UWPShopManagement\obj\x86\Release\ilc\in\Microsoft.Toolkit.Uwp.UI.Controls\Microsoft.Toolkit.Uwp.UI.Controls.xr.xml"
"Message",Normal,"Running 'Mcg' transform, heap at 192 MB."
"Message",High,"Computing application closure and generating interop code"
"Message",Normal,"  .lib 文件列表:"
"Message",Normal,"      WindowsApp.lib"
"Message",Normal,"      winsqlite3.lib"
"Message",Normal,"  .lib 搜索路径列表:"
"Message",Normal,"      C:\Program Files (x86)\Windows Kits\10\lib\10.0.15063.0\um\x86"
"Message",Normal,"  正在从库中加载导出..."
"Message",Normal,"      从“C:\Program Files (x86)\Windows Kits\10\lib\10.0.15063.0\um\x86\WindowsApp.lib”读取的 2875 个导出。"
"Message",Normal,"      从“C:\Program Files (x86)\Windows Kits\10\lib\10.0.15063.0\um\x86\winsqlite3.lib”读取的 237 个导出。"
"Message",High,"  正在加载 88 模块..."
"Message",Normal,"          P/Invoke 'RhWaitForPendingFinalizers' with [DllImport(ExactSpelling=true)] resolved to '[MRT]!RhWaitForPendingFinalizers'."
"Message",Normal,"          P/Invoke 'RhYield' with [DllImport(ExactSpelling=true)] resolved to '[MRT]!RhYield'."
"Message",Normal,"          P/Invoke 'RhCompatibleReentrantWaitAny' with [DllImport(ExactSpelling=true)] resolved to '[MRT]!RhCompatibleReentrantWaitAny'."
"Message",Normal,"          P/Invoke '_ecvt_s' with [DllImport(ExactSpelling=true)] resolved to '[MRT]!_ecvt_s'."
"Message",Normal,"          P/Invoke 'memmove' with [DllImport(ExactSpelling=true)] resolved to '[MRT]!memmove'."
"Message",Normal,"          P/Invoke 'CallingConventionConverter_GetStubs' with [DllImport(ExactSpelling=true)] resolved to '*!CallingConventionConverter_GetStubs'."
"Message",Normal,"          P/Invoke 'GetLastError' resolved to 'api-ms-win-core-errorhandling-l1-1-1.dll!GetLastError' from 'C:\Program Files (x86)\Windows Kits\10\lib\10.0.15063.0\um\x86\WindowsApp.lib'."
"Message",Normal,"          P/Invoke 'RoInitialize' resolved to 'api-ms-win-core-winrt-l1-1-0.dll!RoInitialize' from 'C:\Program Files (x86)\Windows Kits\10\lib\10.0.15063.0\um\x86\WindowsApp.lib'."
"Message",Normal,"          P/Invoke 'IsValidLocaleName' resolved to 'api-ms-win-core-localization-l1-2-1.dll!IsValidLocaleName' from 'C:\Program Files (x86)\Windows Kits\10\lib\10.0.15063.0\um\x86\WindowsApp.lib'."
"Message",Normal,"          P/Invoke 'ResolveLocaleName' resolved to 'api-ms-win-core-localization-l1-2-1.dll!ResolveLocaleName' from 'C:\Program Files (x86)\Windows Kits\10\lib\10.0.15063.0\um\x86\WindowsApp.lib'."
"Message",Normal,"          P/Invoke 'GetCPInfoExW' resolved to 'api-ms-win-core-localization-l1-2-1.dll!GetCPInfoExW' from 'C:\Program Files (x86)\Windows Kits\10\lib\10.0.15063.0\um\x86\WindowsApp.lib'."
"Message",Normal,"          P/Invoke 'CoCreateInstance' with [DllImport(ExactSpelling=true)] resolved to 'api-ms-win-core-com-l1-1-0.dll!CoCreateInstance'."
"Message",Normal,"          P/Invoke '#6' resolved to 'oleaut32.dll!#6' from 'C:\Program Files (x86)\Windows Kits\10\lib\10.0.15063.0\um\x86\WindowsApp.lib'."
"Message",Normal,"          P/Invoke 'GetFileType' resolved to 'api-ms-win-core-file-l1-2-1.dll!GetFileType' from 'C:\Program Files (x86)\Windows Kits\10\lib\10.0.15063.0\um\x86\WindowsApp.lib'."
"Message",Normal,"          P/Invoke 'GetFileInformationByHandleEx' resolved to 'api-ms-win-core-file-l2-1-1.dll!GetFileInformationByHandleEx' from 'C:\Program Files (x86)\Windows Kits\10\lib\10.0.15063.0\um\x86\WindowsApp.lib'."
"Message",Normal,"          P/Invoke 'FindFirstFileExW' resolved to 'api-ms-win-core-file-l1-2-1.dll!FindFirstFileExW' from 'C:\Program Files (x86)\Windows Kits\10\lib\10.0.15063.0\um\x86\WindowsApp.lib'."
"Message",Normal,"          P/Invoke 'GetFileAttributesExW' resolved to 'api-ms-win-core-file-l1-2-1.dll!GetFileAttributesExW' from 'C:\Program Files (x86)\Windows Kits\10\lib\10.0.15063.0\um\x86\WindowsApp.lib'."
"Message",Normal,"          P/Invoke 'CreateThreadpoolIo' resolved to 'api-ms-win-core-threadpool-l1-2-0.dll!CreateThreadpoolIo' from 'C:\Program Files (x86)\Windows Kits\10\lib\10.0.15063.0\um\x86\WindowsApp.lib'."
"Message",Normal,"          P/Invoke 'SetFilePointerEx' resolved to 'api-ms-win-core-file-l1-2-1.dll!SetFilePointerEx' from 'C:\Program Files (x86)\Windows Kits\10\lib\10.0.15063.0\um\x86\WindowsApp.lib'."
"Message",Normal,"          P/Invoke 'RoGetBufferMarshaler' resolved to 'api-ms-win-core-winrt-robuffer-l1-1-0.dll!RoGetBufferMarshaler' from 'C:\Program Files (x86)\Windows Kits\10\lib\10.0.15063.0\um\x86\WindowsApp.lib'."
"Message",Normal,"          P/Invoke 'SetEndOfFile' resolved to 'api-ms-win-core-file-l1-2-1.dll!SetEndOfFile' from 'C:\Program Files (x86)\Windows Kits\10\lib\10.0.15063.0\um\x86\WindowsApp.lib'."
"Message",Normal,"          P/Invoke 'CreateFile2' resolved to 'api-ms-win-core-file-l1-2-1.dll!CreateFile2' from 'C:\Program Files (x86)\Windows Kits\10\lib\10.0.15063.0\um\x86\WindowsApp.lib'."
"Message",Normal,"          P/Invoke 'CloseHandle' resolved to 'api-ms-win-core-handle-l1-1-0.dll!CloseHandle' from 'C:\Program Files (x86)\Windows Kits\10\lib\10.0.15063.0\um\x86\WindowsApp.lib'."
"Message",Normal,"          P/Invoke 'FindClose' resolved to 'api-ms-win-core-file-l1-2-1.dll!FindClose' from 'C:\Program Files (x86)\Windows Kits\10\lib\10.0.15063.0\um\x86\WindowsApp.lib'."
"Message",Normal,"          P/Invoke 'CloseThreadpoolIo' resolved to 'api-ms-win-core-threadpool-l1-2-0.dll!CloseThreadpoolIo' from 'C:\Program Files (x86)\Windows Kits\10\lib\10.0.15063.0\um\x86\WindowsApp.lib'."
"Message",Normal,"          P/Invoke 'ReadFile' resolved to 'api-ms-win-core-file-l1-2-1.dll!ReadFile' from 'C:\Program Files (x86)\Windows Kits\10\lib\10.0.15063.0\um\x86\WindowsApp.lib'."
"Message",Normal,"          P/Invoke 'ReadFile' resolved to 'api-ms-win-core-file-l1-2-1.dll!ReadFile' from 'C:\Program Files (x86)\Windows Kits\10\lib\10.0.15063.0\um\x86\WindowsApp.lib'."
"Message",Normal,"          P/Invoke 'WriteFile' resolved to 'api-ms-win-core-file-l1-2-1.dll!WriteFile' from 'C:\Program Files (x86)\Windows Kits\10\lib\10.0.15063.0\um\x86\WindowsApp.lib'."
"Message",Normal,"          P/Invoke 'WriteFile' resolved to 'api-ms-win-core-file-l1-2-1.dll!WriteFile' from 'C:\Program Files (x86)\Windows Kits\10\lib\10.0.15063.0\um\x86\WindowsApp.lib'."
"Message",Normal,"          P/Invoke 'CancelIoEx' resolved to 'api-ms-win-core-io-l1-1-1.dll!CancelIoEx' from 'C:\Program Files (x86)\Windows Kits\10\lib\10.0.15063.0\um\x86\WindowsApp.lib'."
"Message",Normal,"          P/Invoke 'StartThreadpoolIo' resolved to 'api-ms-win-core-threadpool-l1-2-0.dll!StartThreadpoolIo' from 'C:\Program Files (x86)\Windows Kits\10\lib\10.0.15063.0\um\x86\WindowsApp.lib'."
"Message",Normal,"          P/Invoke 'CancelThreadpoolIo' resolved to 'api-ms-win-core-threadpool-l1-2-0.dll!CancelThreadpoolIo' from 'C:\Program Files (x86)\Windows Kits\10\lib\10.0.15063.0\um\x86\WindowsApp.lib'."
"Message",Normal,"          P/Invoke 'FlushFileBuffers' resolved to 'api-ms-win-core-file-l1-2-1.dll!FlushFileBuffers' from 'C:\Program Files (x86)\Windows Kits\10\lib\10.0.15063.0\um\x86\WindowsApp.lib'."
"Message",Normal,"          P/Invoke 'FormatMessageW' resolved to 'api-ms-win-core-localization-l1-2-1.dll!FormatMessageW' from 'C:\Program Files (x86)\Windows Kits\10\lib\10.0.15063.0\um\x86\WindowsApp.lib'."
"Message",High,"  正在生成代码..."
"Message",High,"  生成的互操作代码。"
"Message",Normal,"  将代码写入到 AssemblyInfo.g.cs"
"Message",Normal,"  将代码写入到 Adapters.g.cs"
"Message",Normal,"  将代码写入到 Data.g.cs"
"Message",Normal,"  将代码写入到 Helpers.g.cs"
"Message",Normal,"  将代码写入到 ImplTypes.g.cs"
"Message",Normal,"  将代码写入到 PInvoke.g.cs"
"Message",Normal,"  将代码写入到 SafeTypes.g.cs"
"Message",Normal,"  将代码写入到 SharedStubs.g.cs"
"Message",Normal,"Running 'GenerateCodeAndCompile' transform, heap at 295 MB."
"Message",High,"Generating serialization code"
"Message",High,"Compiling interop code"
"Message",Normal,"Compiling generated source code: C:\Users\liute\.nuget\packages\microsoft.net.native.compiler\1.7.0\tools\x86\ilc\csc\csc.exe /noconfig @""C:\Users\liute\Source\Repos\Minedrink\UWPShopManagement\UWPShopManagement\obj\x86\Release\ilc\intermediate\UWPShopManagement.McgInterop.rsp"""
"Message",High,"Generating System.Reflection.DispatchProxy proxy code."
"Message",Normal,"Running 'DumpNativeResources' transform, heap at 295 MB."
"Message",Normal,"Running 'ReducedCopyInitialize' transform, heap at 295 MB."
"Message",Normal,"Running 'ReducedCopyEmptyTypes' transform, heap at 243 MB."
"Message",Normal,"Running 'ReducedCopyPopulateTypes' transform, heap at 250 MB."
"Message",Normal,"Running 'ReducedCopyLateMetadata' transform, heap at 298 MB."
"Message",Normal,"Running 'ReducedCopyMethodBodies' transform, heap at 334 MB."
"Message",Normal,"Running 'ReducedCopyComplete' transform, heap at 351 MB."
"Message",Normal,"Running 'ReducedCopyCleanup' transform, heap at 382 MB."
"Message",Normal,"Running 'DeveloperExperienceModeOnlyCodeRemover' transform, heap at 382 MB."
"Message",Normal,"Running 'ComImportDetector' transform, heap at 390 MB."
"Message",Normal,"Running 'McgAccessor' transform, heap at 390 MB."
"Message",Normal,"Running 'McgRedirect' transform, heap at 395 MB."
"Message",Normal,"Running 'McgRedirect' transform, heap at 402 MB."
"Message",Normal,"Running 'McgTypeOf' transform, heap at 403 MB."
"Message",Normal,"Running 'ExceptionMiniaturizer' transform, heap at 413 MB."
"Message",Normal,"Running 'EventSource' transform, heap at 425 MB."
"Message",Normal,"Running 'ValueType' transform, heap at 425 MB."
"Message",Normal,"Running 'Attribute' transform, heap at 425 MB."
"Message",Normal,"Running 'GetType' transform, heap at 426 MB."
"Message",Normal,"Running 'McgFixups' transform, heap at 427 MB."
"Message",Normal,"Running 'ResourceManagerCtor' transform, heap at 429 MB."
"Message",Normal,"Running 'TypeofTypeHandle' transform, heap at 429 MB."
"Message",Normal,"Running 'DispatchProxyIntrinsics' transform, heap at 363 MB."
"Message",Normal,"Running 'StaticInitData' transform, heap at 364 MB."
"Message",Normal,"Running 'StartupCodeInjector' transform, heap at 382 MB."
"Message",Normal,"Running 'InjectAppContextSwitches' transform, heap at 383 MB."
"Message",Normal,"Running 'ImplementLibraryDynamicInvokeHelpers' transform, heap at 383 MB."
"Message",Normal,"Running 'Delegate' transform, heap at 383 MB."
"Message",Normal,"Running 'DelegateCtorCall' transform, heap at 394 MB."
"Message",Normal,"Running 'LazyGenerics' transform, heap at 398 MB."
"Message",Normal,"Running 'AddReflectionBlockedAttributes' transform, heap at 431 MB."
"Message",Normal,"Running 'DisableOptimization' transform, heap at 431 MB."
"Message",Normal,"Running 'CreateMetadata' transform, heap at 431 MB."
"Message",Normal,"Running 'SaveRVAStatics' transform, heap at 151 MB."
"Message",Normal,"Running 'ReflectionInvoke' transform, heap at 153 MB."
"Message",Normal,"Running 'ScrubOpenCalls' transform, heap at 157 MB."
"Message",Normal,"Running 'ConvertCatchIntoFilter' transform, heap at 158 MB."
"Message",Normal,"Running 'ReflectionMappingInfoEmit' transform, heap at 158 MB."
"Message",Normal,"Running 'ConvertManagedWinMD' transform, heap at 164 MB."
"Message",Normal,"Running 'Reducer' transform, heap at 164 MB."
"Message",High,"Cleaning up unreferenced code"
"Message",Normal,"Running 'WriteAssemblies' transform, heap at 292 MB."
"Message",Normal,""
"Message",Normal,"Transform summary"
"Message",Normal,"    ms | heap delta | name"
"Message",Normal,"  9397 |        170 | Analysis"
"Message",Normal,"  5714 |          0 | GenerateCodeAndCompile"
"Message",Normal,"  3574 |       -126 | WriteAssemblies"
"Message",Normal,"  2433 |        128 | Reducer"
"Message",Normal,"  2123 |        103 | Mcg"
"Message",Normal,"   782 |       -280 | CreateMetadata"
"Message",Normal,"   531 |         48 | ReducedCopyPopulateTypes"
"Message",Normal,"   510 |         17 | ReducedCopyMethodBodies"
"Message",Normal,"   290 |         31 | ReducedCopyComplete"
"Message",Normal,"   257 |        -52 | ReducedCopyInitialize"
"Message",Normal,"   246 |        -66 | TypeofTypeHandle"
"Message",Normal,"   195 |         36 | ReducedCopyLateMetadata"
"Message",Normal,"   166 |         33 | LazyGenerics"
"Message",Normal,"   166 |         10 | McgTypeOf"
"Message",Normal,"   151 |          7 | McgRedirect"
"Message",Normal,"   113 |         18 | StaticInitData"
"Message",Normal,"   104 |          1 | McgRedirect"
"Message",Normal,"    58 |          4 | DelegateCtorCall"
"Message",Normal,"    45 |         12 | ExceptionMiniaturizer"
"Message",Normal,"    36 |         11 | Delegate"
"Message",Normal,"    35 |          7 | ReducedCopyEmptyTypes"
"Message",Normal,"    31 |          2 | SaveRVAStatics"
"Message",Normal,"    27 |          5 | McgAccessor"
"Message",Normal,"    20 |          1 | GetType"
"Message",Normal,"    19 |          2 | McgFixups"
"Message",Normal,"    17 |          4 | ReflectionInvoke"
"Message",Normal,"    15 |          1 | DispatchProxyIntrinsics"
"Message",Normal,"    13 |          1 | ScrubOpenCalls"
"Message",Normal,"    11 |          8 | DeveloperExperienceModeOnlyCodeRemover"
"Message",Normal,"     9 |          6 | ReflectionMappingInfoEmit"
"Message",Normal,"     8 |          0 | ConvertCatchIntoFilter"
"Message",Normal,"     7 |          0 | ReducedCopyCleanup"
"Message",Normal,"     4 |          0 | EventSource"
"Message",Normal,"     4 |          0 | DumpNativeResources"
"Message",Normal,"     3 |          1 | StartupCodeInjector"
"Message",Normal,"     3 |          1 | Attribute"
"Message",Normal,"     1 |          0 | ValueType"
"Message",Normal,"     1 |          0 | AddReflectionBlockedAttributes"
"Message",Normal,"     0 |          0 | ComImportDetector"
"Message",Normal,"     0 |          0 | ConvertManagedWinMD"
"Message",Normal,"     0 |          0 | ResourceManagerCtor"
"Message",Normal,"     0 |          0 | DisableOptimization"
"Message",Normal,"     0 |          0 | InjectAppContextSwitches"
"Message",Normal,"     0 |          0 | ImplementLibraryDynamicInvokeHelpers"
"Message",Low,"已完成执行任务 ""RunILTransforms""。"
"Message",Low,"已完成在文件 ""ILTransforms"" 中生成目标 ""RunILTransforms""。"
"Message",Low,"已完成生成项目 ""ILTransforms""。"
"Message",Low,""
"Message",Low,""
"Message",Low,"已完成在文件 ""Nutc"" 中生成目标 ""GenerateMDIL""。"
"Message",Low,""
"Message",High,"正在生成本机代码"
"Message",Low,"已完成在文件 ""Nutc"" 中生成目标 ""MDILPrepareMultiFile""。"
"Message",Low,""
"Message",Low,"已完成在文件 ""Nutc"" 中生成目标 ""SetBinaryForReferences""。"
"Message",Low,""
"Message",Low,"任务 ""GenerateMDILGlobalAnalysis"""
"Message",Normal,"Launching 'C:\Users\liute\.nuget\packages\microsoft.net.native.compiler\1.7.0\tools\x86\ilc\Tools\nutc_driver.exe @""C:\Users\liute\Source\Repos\Minedrink\UWPShopManagement\UWPShopManagement\obj\x86\Release\ilc\intermediate\MDIL\UWPShopManagement.rsp""'"
"Message",Low,"Microsoft (R) MDIL Compiler - Version 1.7.25531.01"
"Message",Low,"Copyright (c) Microsoft Corporation.  All rights reserved."
"Message",Low,"正在扫描输入类型"
"Message",Low,"正在扫描 19692 方法。"
"Message",Low,"正在扫描 7528 方法。"
"Message",Low,"正在扫描 3859 方法。"
"Message",Low,"正在扫描 2304 方法。"
"Message",Low,"正在扫描 4212 方法。"
"Message",Low,"正在扫描 2629 方法。"
"Message",Low,"正在扫描 902 方法。"
"Message",Low,"正在扫描 852 方法。"
"Message",Low,"正在扫描 962 方法。"
"Message",Low,"正在扫描 868 方法。"
"Message",Low,"正在扫描 714 方法。"
"Message",Low,"正在扫描 388 方法。"
"Message",Low,"正在扫描 317 方法。"
"Message",Low,"正在扫描 163 方法。"
"Message",Low,"正在扫描 97 方法。"
"Message",Low,"正在扫描 54 方法。"
"Message",Low,"正在扫描 44 方法。"
"Message",Low,"正在扫描 22 方法。"
"Message",Low,"正在扫描 15 方法。"
"Message",Low,"正在扫描 6 方法。"
"Message",Low,"正在扫描 1 方法。"
"Message",Low,"正在扫描 1 方法。"
"Message",Low,"迫切生成代码"
"Message",Low,"正在编译 45630 方法。"
"Message",Low,"延迟生成代码"
"Message",Low,"正在编译 4 方法。"
"Message",Low,"正在编译 30 方法。"
"Message",Low,"已成功生成“C:\Users\liute\Source\Repos\Minedrink\UWPShopManagement\UWPShopManagement\obj\x86\Release\ilc\intermediate\MDIL\UWPShopManagement.mdilexe”"
"Message",Low,"已成功生成“C:\Users\liute\Source\Repos\Minedrink\UWPShopManagement\UWPShopManagement\obj\x86\Release\ilc\intermediate\MDIL\UWPShopManagement.mdilpdb”"
"Message",Normal,"'C:\Users\liute\.nuget\packages\microsoft.net.native.compiler\1.7.0\tools\x86\ilc\Tools\nutc_driver.exe @""C:\Users\liute\Source\Repos\Minedrink\UWPShopManagement\UWPShopManagement\obj\x86\Release\ilc\intermediate\MDIL\UWPShopManagement.rsp""' completed."
"Message",Normal,"Process execution statistics (all times in milliseconds)"
"Message",Normal,"-----------------------------------------------------------------------------"
"Message",Normal,"launch  |  start   |   stop   |   end    | duration | lifetime | [slot] name"
"Message",Normal,"-----------------------------------------------------------------------------"
"Message",Normal,"       0 |        0 |    23468 |    23468 |    23468 |    23468 | [0] Nutc GlobalAnalysis"
"Message",Normal,"Number of commands:      1"
"Message",Normal,"Total system time:       23468 ms"
"Message",Normal,"System time per command: 23468 ms"
"Message",Normal,"Total duration:          23468 ms"
"Message",Normal,"Total lifetime:          23468 ms"
"Message",Normal,"Requested DOP:           8"
"Message",Normal,"Duration DOP:            1.0"
"Message",Normal,"Lifetime DOP:            1.0"
"Message",Low,"已完成执行任务 ""GenerateMDILGlobalAnalysis""。"
"Message",Low,"已完成在文件 ""Nutc"" 中生成目标 ""GenerateMDILGlobalAnalysis""。"
"Message",Low,""
"Message",Low,"任务 ""rc"""
"Message",Normal,"Launching 'C:\Program Files (x86)\Windows Kits\10\bin\10.0.15063.0\x64\rc.exe /c ""65001"" /r /fo ""C:\Users\liute\Source\Repos\Minedrink\UWPShopManagement\UWPShopManagement\obj\x86\Release\ilc\intermediate\BuildInfo\BuildInfo.res"" ""C:\Users\liute\Source\Repos\Minedrink\UWPShopManagement\UWPShopManagement\obj\x86\Release\ilc\intermediate\BuildInfo\BuildInfo.rc""'"
"Message",Low,"Microsoft (R) Windows (R) Resource Compiler Version 10.0.10011.16384"
"Message",Low,"Copyright (C) Microsoft Corporation.  All rights reserved."
"Message",Normal,"'C:\Program Files (x86)\Windows Kits\10\bin\10.0.15063.0\x64\rc.exe /c ""65001"" /r /fo ""C:\Users\liute\Source\Repos\Minedrink\UWPShopManagement\UWPShopManagement\obj\x86\Release\ilc\intermediate\BuildInfo\BuildInfo.res"" ""C:\Users\liute\Source\Repos\Minedrink\UWPShopManagement\UWPShopManagement\obj\x86\Release\ilc\intermediate\BuildInfo\BuildInfo.rc""' completed."
"Message",Normal,"Process execution statistics (all times in milliseconds)"
"Message",Normal,"-----------------------------------------------------------------------------"
"Message",Normal,"launch  |  start   |   stop   |   end    | duration | lifetime | [slot] name"
"Message",Normal,"-----------------------------------------------------------------------------"
"Message",Normal,"       0 |        0 |       32 |       32 |       32 |       32 | [0] rc"
"Message",Normal,"Number of commands:      1"
"Message",Normal,"Total system time:       32 ms"
"Message",Normal,"System time per command: 32 ms"
"Message",Normal,"Total duration:          32 ms"
"Message",Normal,"Total lifetime:          32 ms"
"Message",Normal,"Requested DOP:           8"
"Message",Normal,"Duration DOP:            1.0"
"Message",Normal,"Lifetime DOP:            1.0"
"Message",Low,"已完成执行任务 ""rc""。"
"Message",Low,"任务 ""ResourceBinaryConcatenate"""
"Message",Normal,"Concatenating into 'C:\Users\liute\Source\Repos\Minedrink\UWPShopManagement\UWPShopManagement\obj\x86\Release\ilc\intermediate\Native.res' with alignment '4'."
"Message",Normal," Added 'C:\Users\liute\Source\Repos\Minedrink\UWPShopManagement\UWPShopManagement\obj\x86\Release\ilc\intermediate\ILTransformed\UWPShopManagement.res' at offset 0."
"Message",Normal," Added 'C:\Users\liute\Source\Repos\Minedrink\UWPShopManagement\UWPShopManagement\obj\x86\Release\ilc\intermediate\BuildInfo\BuildInfo.res' at offset 1448."
"Message",Low,"已完成执行任务 ""ResourceBinaryConcatenate""。"
"Message",Low,"已完成在文件 ""Nutc"" 中生成目标 ""GenerateBuildInfo""。"
"Message",Low,"已完成生成项目 ""Nutc""。"
"Message",Low,""
"Message",Low,""
"Message",Low,"已完成在文件 ""Binder"" 中生成目标 ""MDILBindPrepare""。"
"Message",Low,""
"Message",High,"正在生成本机代码的链接地址信息"
"Message",Low,"任务 ""MDILBind"""
"Message",Normal,"Launching 'C:\Users\liute\.nuget\packages\microsoft.net.native.compiler\1.7.0\tools\x86\ilc\Tools\rhbind.exe @""C:\Users\liute\Source\Repos\Minedrink\UWPShopManagement\UWPShopManagement\obj\x86\Release\ilc\intermediate\rhbindargs.UWPShopManagement.rsp""'"
"Message",Low,"操作系统版本: 主版本: 6 次版本: 2"
"Message",Low,"MDIL: C:\Users\liute\Source\Repos\Minedrink\UWPShopManagement\UWPShopManagement\obj\x86\Release\ilc\intermediate\MDIL\UWPShopManagement.mdilexe"
"Message",Low,"MDILPDB: C:\Users\liute\Source\Repos\Minedrink\UWPShopManagement\UWPShopManagement\obj\x86\Release\ilc\intermediate\MDIL\UWPShopManagement.mdilpdb"
"Message",Low,"IL: C:\Users\liute\Source\Repos\Minedrink\UWPShopManagement\UWPShopManagement\obj\x86\Release\ilc\intermediate\MDIL\UWPShopManagement.ilexe"
"Message",Low,"NI: C:\Users\liute\Source\Repos\Minedrink\UWPShopManagement\UWPShopManagement\obj\x86\Release\ilc\intermediate\Native\UWPShopManagement.dll"
"Message",Low,"填充码: C:\Users\liute\Source\Repos\Minedrink\UWPShopManagement\UWPShopManagement\obj\x86\Release\ilc\intermediate\Native\UWPShopManagement.exe"
"Message",Low,"REDHAWK_RUNTIME_DLL_NAME_A=mrt100_app.dll"
"Message",Low,"pdb: C:\Users\liute\Source\Repos\Minedrink\UWPShopManagement\UWPShopManagement\obj\x86\Release\ilc\intermediate\Native\UWPShopManagement.pdb"
"Message",Low,"生成了 C:\Users\liute\Source\Repos\Minedrink\UWPShopManagement\UWPShopManagement\obj\x86\Release\ilc\intermediate\Native\UWPShopManagement.dll (2.568 秒内)"
"Message",Normal,"'C:\Users\liute\.nuget\packages\microsoft.net.native.compiler\1.7.0\tools\x86\ilc\Tools\rhbind.exe @""C:\Users\liute\Source\Repos\Minedrink\UWPShopManagement\UWPShopManagement\obj\x86\Release\ilc\intermediate\rhbindargs.UWPShopManagement.rsp""' completed."
"Message",Normal,"Process execution statistics (all times in milliseconds)"
"Message",Normal,"-----------------------------------------------------------------------------"
"Message",Normal,"launch  |  start   |   stop   |   end    | duration | lifetime | [slot] name"
"Message",Normal,"-----------------------------------------------------------------------------"
"Message",Normal,"       0 |        0 |     2594 |     2594 |     2594 |     2594 | [0] rhbind UWPShopManagement"
"Message",Normal,"Number of commands:      1"
"Message",Normal,"Total system time:       2594 ms"
"Message",Normal,"System time per command: 2594 ms"
"Message",Normal,"Total duration:          2594 ms"
"Message",Normal,"Total lifetime:          2594 ms"
"Message",Normal,"Requested DOP:           8"
"Message",Normal,"Duration DOP:            1.0"
"Message",Normal,"Lifetime DOP:            1.0"
"Message",Low,"已完成执行任务 ""MDILBind""。"
"Message",Low,"已完成在文件 ""Binder"" 中生成目标 ""MDILBind""。"
"Message",Low,"已完成生成项目 ""Binder""。"
"Message",Low,""
"Message",Low,""
"Message",Low,"已完成在文件 ""Deployment"" 中生成目标 ""CopyNativeExecutablesToOutput""。"
"Message",Low,""
"Message",Low,"任务 ""TransformAppxManifest"""
"Message",Low,"已完成执行任务 ""TransformAppxManifest""。"
"Message",Low,"已完成在文件 ""Deployment"" 中生成目标 ""TransformAppxManifestAndAddCrt""。"
"Message",Low,""
"Message",Low,"已完成在文件 ""Deployment"" 中生成目标 ""CopyPackageResourceFileInRetailBuild""。"
"Message",Low,"已完成生成项目 ""Deployment""。"
"Message",Low,"编译已完成"
